Workbook

Sheet Pivot table Gender and Category
A4: Sum of Total sales | B4: Gender
A5: Product Category | B5: Female | C5: Male | D5: Grand Total
A6: Beauty | B6: 0.16410088 | C6: 0.150625 | D6: 0.31472588
A7: Clothing | B7: 0.17823465 | C7: 0.16294956 | D7: 0.34118421
A8: Electronics | B8: 0.16827851 | C8: 0.1758114 | D8: 0.34408991
A9: Grand Total | B9: 0.51061404 | C9: 0.48938596 | D9: 1

Sheet Sheet2

Sheet Pivot table Genera and category
A3: Sum of Total sales | B3: Generation
A4: Product Category | B4: Adult | C4: Young Adult | D4: Grand Total
A5: Beauty | B5: 102115 | C5: 41400 | D5: 143515
A6: Clothing | B6: 109430 | C6: 46150 | D6: 155580
A7: Electronics | B7: 121300 | C7: 35605 | D7: 156905
A8: Grand Total | B8: 332845 | C8: 123155 | D8: 456000

Sheet Transactions
A1: Transaction ID | B1: Total Sales | C1: Product category | D1: Concatenate
A2: 10 | B2: =VLOOKUP(A2, retail_sales_dataset!A1:Q1001, COLUMN(O1), FALSE) -> 200 | C2: =VLOOKUP(A2, retail_sales_dataset!A1:Q1001,12, FALSE) -> Clothing | D2: =CONCATENATE(B2,C2) -> 200Clothing
A3: 15 | B3: {=VLOOKUP(A3, retail_sales_dataset!A1:Q1001, COLUMN(retail_sales_dataset!O:O), FALSE)} -> 2000 | C3: =VLOOKUP(A3, retail_sales_dataset!A2:Q1002,12, FALSE) -> Electronics | D3: =CONCATENATE(B3,C3) -> 2000Electronics
A4: 25 | B4: {=VLOOKUP(A4, retail_sales_dataset!A2:Q1002, COLUMN(retail_sales_dataset!O:O), FALSE)} -> 50 | C4: =VLOOKUP(A4, retail_sales_dataset!A3:Q1003,12, FALSE) -> Beauty | D4: =CONCATENATE(B4,C4) -> 50Beauty
A5: 30 | B5: {=VLOOKUP(A5, retail_sales_dataset!A3:Q1003, COLUMN(retail_sales_dataset!O:O), FALSE)} -> 900 | C5: =VLOOKUP(A5, retail_sales_dataset!A4:Q1004,12, FALSE) -> Beauty | D5: =CONCATENATE(B5,C5) -> 900Beauty
A6: 54 | B6: {=VLOOKUP(A6, retail_sales_dataset!A4:Q1004, COLUMN(retail_sales_dataset!O:O), FALSE)} -> 1500 | C6: =VLOOKUP(A6, retail_sales_dataset!A5:Q1005,12, FALSE) -> Electronics | D6: =CONCATENATE(B6,C6) -> 1500Electronics
A7: 55 | B7: {=VLOOKUP(A7, retail_sales_dataset!A5:Q1005, COLUMN(retail_sales_dataset!O:O), FALSE)} -> 120 | C7: =VLOOKUP(A7, retail_sales_dataset!A6:Q1006,12, FALSE) -> Beauty | D7: =CONCATENATE(B7,C7) -> 120Beauty
A8: 67 | B8: {=VLOOKUP(A8, retail_sales_dataset!A6:Q1006, COLUMN(retail_sales_dataset!O:O), FALSE)} -> 1200 | C8: =VLOOKUP(A8, retail_sales_dataset!A7:Q1007,12, FALSE) -> Beauty | D8: =CONCATENATE(B8,C8) -> 1200Beauty
A9: 89 | B9: {=VLOOKUP(A9, retail_sales_dataset!A7:Q1007, COLUMN(retail_sales_dataset!O:O), FALSE)} -> 2000 | C9: =VLOOKUP(A9, retail_sales_dataset!A8:Q1008,12, FALSE) -> Electronics | D9: =CONCATENATE(B9,C9) -> 2000Electronics
A10: 100 | B10: {=VLOOKUP(A10, retail_sales_dataset!A8:Q1008, COLUMN(retail_sales_dataset!O:O), FALSE)} -> 30 | C10: =VLOOKUP(A10, retail_sales_dataset!A9:Q1009,12, FALSE) -> Electronics | D10: =CONCATENATE(B10,C10) -> 30Electronics

Sheet retail_sales_dataset
A1: Transaction ID | B1: Day | C1: Month | D1: Year | E1: Day name | F1: Month name | G1: Date | H1: Customer ID | I1: Gender | J1: Genaration | K1: Age | L1: Product Category | M1: Quantity | N1: Price per Unit | O1: Total sales | P1: Commission 2023 | Q1: Commission 2024
A2: 1 | B2: =DAY(G2) -> 24 | C2: =MONTH(G2) -> 11 | D2: =YEAR(G2) -> 2023 | E2: =TEXT(G2,"DDDD") -> Friday | F2: =TEXT(G2,"MMMM") -> November | G2: 45254 | H2: CUST001 | I2: Male | J2: {=_xlfn.IFS(K2>=50,"Senior",K2>=30,"Adult",K2<30,"Young Adult")} -> Adult | K2: 34 | L2: Beauty | M2: 3 | N2: 50 | O2: =(M2*N2) -> 150 | P2: =O2*$S$3 -> 2.25 | Q2: =O2*$S$4 -> 3 | S2: Rate
A3: 2 | B3: =DAY(G3) -> 27 | C3: =MONTH(G3) -> 2 | D3: =YEAR(G3) -> 2023 | E3: =TEXT(G3,"DDDD") -> Monday | F3: =TEXT(G3,"MMMM") -> February | G3: 44984 | H3: CUST002 | I3: Female | J3: =IF(K3<30, "Young Adult","Adult") -> Young Adult | K3: 26 | L3: Clothing | M3: 2 | N3: 500 | O3: =(M3*N3) -> 1000 | P3: =O3*$S$3 -> 15 | Q3: =O3*$S$4 -> 20 | R3: Commission 2023 | S3: 0.015
A4: 3 | B4: =DAY(G4) -> 13 | C4: =MONTH(G4) -> 1 | D4: =YEAR(G4) -> 2023 | E4: =TEXT(G4,"DDDD") -> Friday | F4: =TEXT(G4,"MMMM") -> January | G4: 44939 | H4: CUST003 | I4: Male | J4: {=_xlfn.IFS(K2>=30,"Senior",K2>=30,"Adult",K2<30,"Young Adult")} -> Senior | K4: 50 | L4: Electronics | M4: 1 | N4: 30 | O4: =(M4*N4) -> 30 | P4: =O4*$S$3 -> 0.45 | Q4: =O4*$S$4 -> 0.6 | R4: Commission 2024 | S4: 0.02
A5: 4 | B5: =DAY(G5) -> 21 | C5: =MONTH(G5) -> 5 | D5: =YEAR(G5) -> 2023 | E5: =TEXT(G5,"DDDD") -> Sunday | F5: =TEXT(G5,"MMMM") -> May | G5: 45067 | H5: CUST004 | I5: Male | J5: =IF(K5<30, "Young Adult","Adult") -> Adult | K5: 37 | L5: Clothing | M5: 1 | N5: 500 | O5: =(M5*N5) -> 500 | P5: =O5*$S$3 -> 7.5 | Q5: =O5*$S$4 -> 10
A6: 5 | B6: =DAY(G6) -> 6 | C6: =MONTH(G6) -> 5 | D6: =YEAR(G6) -> 2023 | E6: =TEXT(G6,"DDDD") -> Saturday | F6: =TEXT(G6,"MMMM") -> May | G6: 45052 | H6: CUST005 | I6: Male | J6: =IF(K6<30, "Young Adult","Adult") -> Adult | K6: 30 | L6: Beauty | M6: 2 | N6: 50 | O6: =(M6*N6) -> 100 | P6: =O6*$S$3 -> 1.5 | Q6: =O6*$S$4 -> 2
A7: 6 | B7: =DAY(G7) -> 25 | C7: =MONTH(G7) -> 4 | D7: =YEAR(G7) -> 2023 | E7: =TEXT(G7,"DDDD") -> Tuesday | F7: =TEXT(G7,"MMMM") -> April | G7: 45041 | H7: CUST006 | I7: Female | J7: =IF(K7<30, "Young Adult","Adult") -> Adult | K7: 45 | L7: Beauty | M7: 1 | N7: 30 | O7: =(M7*N7) -> 30 | P7: =O7*$S$3 -> 0.45 | Q7: =O7*$S$4 -> 0.6
A8: 7 | B8: =DAY(G8) -> 13 | C8: =MONTH(G8) -> 3 | D8: =YEAR(G8) -> 2023 | E8: =TEXT(G8,"DDDD") -> Monday | F8: =TEXT(G8,"MMMM") -> March | G8: 44998 | H8: CUST007 | I8: Male | J8: =IF(K8<30, "Young Adult","Adult") -> Adult | K8: 46 | L8: Clothing | M8: 2 | N8: 25 | O8: =(M8*N8) -> 50 | P8: =O8*$S$3 -> 0.75 | Q8: =O8*$S$4 -> 1
A9: 8 | B9: =DAY(G9) -> 22 | C9: =MONTH(G9) -> 2 | D9: =YEAR(G9) -> 2023 | E9: =TEXT(G9,"DDDD") -> Wednesday | F9: =TEXT(G9,"MMMM") -> February | G9: 44979 | H9: CUST008 | I9: Male | J9: =IF(K9<30, "Young Adult","Adult") -> Adult | K9: 30 | L9: Electronics | M9: 4 | N9: 25 | O9: =(M9*N9) -> 100 | P9: =O9*$S$3 -> 1.5 | Q9: =O9*$S$4 -> 2 | S9: Overrall sales | T9: Quantity
A10: 9 | B10: =DAY(G10) -> 13 | C10: =MONTH(G10) -> 12 | D10: =YEAR(G10) -> 2023 | E10: =TEXT(G10,"DDDD") -> Wednesday | F10: =TEXT(G10,"MMMM") -> December | G10: 45273 | H10: CUST009 | I10: Male | J10: {=_xlfn.IFS(K2>=30,"Senior",K2>=30,"Adult",K2<30,"Young Adult")} -> Senior | K10: 63 | L10: Electronics | M10: 2 | N10: 300 | O10: =(M10*N10) -> 600 | P10: =O10*$S$3 -> 9 | Q10: =O10*$S$4 -> 12 | R10: All products total sales | S10: =SUM(O1:O1001) -> 456000 | T10: Female | U10: Male
A11: 10 | B11: =DAY(G11) -> 7 | C11: =MONTH(G11) -> 10 | D11: =YEAR(G11) -> 2023 | E11: =TEXT(G11,"DDDD") -> Saturday | F11: =TEXT(G11,"MMMM") -> October | G11: 45206 | H11: CUST010 | I11: Female | J11: {=_xlfn.IFS(K2>=30,"Senior",K2>=30,"Adult",K2<30,"Young Adult")} -> Senior | K11: 52 | L11: Clothing | M11: 4 | N11: 50 | O11: =(M11*N11) -> 200 | P11: =O11*$S$3 -> 3 | Q11: =O11*$S$4 -> 4 | R11: Beauty | S11: =SUMIF(L2:L1001,"BEAUTY", O2:O1001) -> 143515 | T11: =SUMIFS(M2:M1001,I2:I1001,"Female",L2:L1001,"Beauty") -> 418 | U11: =SUMIFS(M2:M1001,I2:I1001,"male",L2:L1001,"Beauty") -> 353
A12: 11 | B12: =DAY(G12) -> 14 | C12: =MONTH(G12) -> 2 | D12: =YEAR(G12) -> 2023 | E12: =TEXT(G12,"DDDD") -> Tuesday | F12: =TEXT(G12,"MMMM") -> February | G12: 44971 | H12: CUST011 | I12: Male | J12: =IF(K12<30, "Young Adult","Adult") -> Young Adult | K12: 23 | L12: Clothing | M12: 2 | N12: 50 | O12: =(M12*N12) -> 100 | P12: =O12*$S$3 -> 1.5 | Q12: =O12*$S$4 -> 2 | R12: Clothing | S12: =SUMIF(L3:L1001,"Clothing",O3:O1001) -> 155580 | T12: =SUMIFS(M3:M1001,I3:I1001,"Female",L3:L1001,"Clothing") -> 441 | U12: =SUMIFS(M3:M1001,I3:I1001,"male",L3:L1001,"Clothing") -> 453
A13: 12 | B13: =DAY(G13) -> 30 | C13: =MONTH(G13) -> 10 | D13: =YEAR(G13) -> 2023 | E13: =TEXT(G13,"DDDD") -> Monday | F13: =TEXT(G13,"MMMM") -> October | G13: 45229 | H13: CUST012 | I13: Male | J13: =IF(K13<30, "Young Adult","Adult") -> Adult | K13: 35 | L13: Beauty | M13: 3 | N13: 25 | O13: =(M13*N13) -> 75 | P13: =O13*$S$3 -> 1.125 | Q13: =O13*$S$4 -> 1.5 | R13: Electronics | S13: =SUMIF(L4:L1001,"Electronics",O4:O1001) -> 156905 | T13: =SUMIFS(M2:M1001,I2:I1001,"Female",L2:L1001,"Electronics") -> 439 | U13: =SUMIFS(M2:M1001,I2:I1001,"male",L2:L1001,"Electronics") -> 410
A14: 13 | B14: =DAY(G14) -> 5 | C14: =MONTH(G14) -> 8 | D14: =YEAR(G14) -> 2023 | E14: =TEXT(G14,"DDDD") -> Saturday | F14: =TEXT(G14,"MMMM") -> August | G14: 45143 | H14: CUST013 | I14: Male | J14: =IF(K14<30, "Young Adult","Adult") -> Young Adult | K14: 22 | L14: Electronics | M14: 3 | N14: 500 | O14: =(M14*N14) -> 1500 | P14: =O14*$S$3 -> 22.5 | Q14: =O14*$S$4 -> 30
A15: 14 | B15: =DAY(G15) -> 17 | C15: =MONTH(G15) -> 1 | D15: =YEAR(G15) -> 2023 | E15: =TEXT(G15,"DDDD") -> Tuesday | F15: =TEXT(G15,"MMMM") -> January | G15: 44943 | H15: CUST014 | I15: Male | J15: {=_xlfn.IFS(K2>=30,"Senior",K2>=30,"Adult",K2<30,"Young Adult")} -> Senior | K15: 64 | L15: Clothing | M15: 4 | N15: 30 | O15: =(M15*N15) -> 120 | P15: =O15*$S$3 -> 1.8 | Q15: =O15*$S$4 -> 2.4
A16: 15 | B16: =DAY(G16) -> 16 | C16: =MONTH(G16) -> 1 | D16: =YEAR(G16) -> 2023 | E16: =TEXT(G16,"DDDD") -> Monday | F16: =TEXT(G16,"MMMM") -> January | G16: 44942 | H16: CUST015 | I16: Female | J16: =IF(K16<30, "Young Adult","Adult") -> Adult | K16: 42 | L16: Electronics | M16: 4 | N16: 500 | O16: =(M16*N16) -> 2000 | P16: =O16*$S$3 -> 30 | Q16: =O16*$S$4 -> 40
A17: 16 | B17: =DAY(G17) -> 17 | C17: =MONTH(G17) -> 2 | D17: =YEAR(G17) -> 2023 | E17: =TEXT(G17,"DDDD") -> Friday | F17: =TEXT(G17,"MMMM") -> February | G17: 44974 | H17: CUST016 | I17: Male | J17: =IF(K17<30, "Young Adult","Adult") -> Young Adult | K17: 19 | L17: Clothing | M17: 3 | N17: 500 | O17: =(M17*N17) -> 1500 | P17: =O17*$S$3 -> 22.5 | Q17: =O17*$S$4 -> 30
A18: 17 | B18: =DAY(G18) -> 22 | C18: =MONTH(G18) -> 4 | D18: =YEAR(G18) -> 2023 | E18: =TEXT(G18,"DDDD") -> Saturday | F18: =TEXT(G18,"MMMM") -> April | G18: 45038 | H18: CUST017 | I18: Female | J18: =IF(K18<30, "Young Adult","Adult") -> Young Adult | K18: 27 | L18: Clothing | M18: 4 | N18: 25 | O18: =(M18*N18) -> 100 | P18: =O18*$S$3 -> 1.5 | Q18: =O18*$S$4 -> 2
A19: 18 | B19: =DAY(G19) -> 30 | C19: =MONTH(G19) -> 4 | D19: =YEAR(G19) -> 2023 | E19: =TEXT(G19,"DDDD") -> Sunday | F19: =TEXT(G19,"MMMM") -> April | G19: 45046 | H19: CUST018 | I19: Female | J19: =IF(K19<30, "Young Adult","Adult") -> Adult | K19: 47 | L19: Electronics | M19: 2 | N19: 25 | O19: =(M19*N19) -> 50 | P19: =O19*$S$3 -> 0.75 | Q19: =O19*$S$4 -> 1
A20: 19 | B20: =DAY(G20) -> 16 | C20: =MONTH(G20) -> 9 | D20: =YEAR(G20) -> 2023 | E20: =TEXT(G20,"DDDD") -> Saturday | F20: =TEXT(G20,"MMMM") -> September | G20: 45185 | H20: CUST019 | I20: Female | J20: {=_xlfn.IFS(K2>=30,"Senior",K2>=30,"Adult",K2<30,"Young Adult")} -> Senior | K20: 62 | L20: Clothing | M20: 2 | N20: 25 | O20: =(M20*N20) -> 50 | P20: =O20*$S$3 -> 0.75 | Q20: =O20*$S$4 -> 1
A21: 20 | B21: =DAY(G21) -> 5 | C21: =MONTH(G21) -> 11 | D21: =YEAR(G21) -> 2023 | E21: =TEXT(G21,"DDDD") -> Sunday | F21: =TEXT(G21,"MMMM") -> November | G21: 45235 | H21: CUST020 | I21: Male | J21: =IF(K21<30, "Young Adult","Adult") -> Young Adult | K21: 22 | L21: Clothing | M21: 3 | N21: 300 | O21: =(M21*N21) -> 900 | P21: =O21*$S$3 -> 13.5 | Q21: =O21*$S$4 -> 18
A22: 21 | B22: =DAY(G22) -> 14 | C22: =MONTH(G22) -> 1 | D22: =YEAR(G22) -> 2023 | E22: =TEXT(G22,"DDDD") -> Saturday | F22: =TEXT(G22,"MMMM") -> January | G22: 44940 | H22: CUST021 | I22: Female | J22: {=_xlfn.IFS(K2>=30,"Senior",K2>=30,"Adult",K2<30,"Young Adult")} -> Senior | K22: 50 | L22: Beauty | M22: 1 | N22: 500 | O22: =(M22*N22) -> 500 | P22: =O22*$S$3 -> 7.5 | Q22: =O22*$S$4 -> 10
A23: 22 | B23: =DAY(G23) -> 15 | C23: =MONTH(G23) -> 10 | D23: =YEAR(G23) -> 2023 | E23: =TEXT(G23,"DDDD") -> Sunday | F23: =TEXT(G23,"MMMM") -> October | G23: 45214 | H23: CUST022 | I23: Male | J23: =IF(K23<30, "Young Adult","Adult") -> Young Adult | K23: 18 | L23: Clothing | M23: 2 | N23: 50 | O23: =(M23*N23) -> 100 | P23: =O23*$S$3 -> 1.5 | Q23: =O23*$S$4 -> 2
A24: 23 | B24: =DAY(G24) -> 12 | C24: =MONTH(G24) -> 4 | D24: =YEAR(G24) -> 2023 | E24: =TEXT(G24,"DDDD") -> Wednesday | F24: =TEXT(G24,"MMMM") -> April | G24: 45028 | H24: CUST023 | I24: Female | J24: =IF(K24<30, "Young Adult","Adult") -> Adult | K24: 35 | L24: Clothing | M24: 4 | N24: 30 | O24: =(M24*N24) -> 120 | P24: =O24*$S$3 -> 1.8 | Q24: =O24*$S$4 -> 2.4
A25: 24 | B25: =DAY(G25) -> 29 | C25: =MONTH(G25) -> 11 | D25: =YEAR(G25) -> 2023 | E25: =TEXT(G25,"DDDD") -> Wednesday | F25: =TEXT(G25,"MMMM") -> November | G25: 45259 | H25: CUST024 | I25: Female | J25: =IF(K25<30, "Young Adult","Adult") -> Adult | K25: 49 | L25: Clothing | M25: 1 | N25: 300 | O25: =(M25*N25) -> 300 | P25: =O25*$S$3 -> 4.5 | Q25: =O25*$S$4 -> 6
A26: 25 | B26: =DAY(G26) -> 26 | C26: =MONTH(G26) -> 12 | D26: =YEAR(G26) -> 2023 | E26: =TEXT(G26,"DDDD") -> Tuesday | F26: =TEXT(G26,"MMMM") -> December | G26: 45286 | H26: CUST025 | I26: Female | J26: {=_xlfn.IFS(K2>=30,"Senior",K2>=30,"Adult",K2<30,"Young Adult")} -> Senior | K26: 64 | L26: Beauty | M26: 1 | N26: 50 | O26: =(M26*N26) -> 50 | P26: =O26*$S$3 -> 0.75 | Q26: =O26*$S$4 -> 1
A27: 26 | B27: =DAY(G27) -> 7 | C27: =MONTH(G27) -> 10 | D27: =YEAR(G27) -> 2023 | E27: =TEXT(G27,"DDDD") -> Saturday | F27: =TEXT(G27,"MMMM") -> October | G27: 45206 | H27: CUST026 | I27: Female | J27: =IF(K27<30, "Young Adult","Adult") -> Young Adult | K27: 28 | L27: Electronics | M27: 2 | N27: 500 | O27: =(M27*N27) -> 1000 | P27: =O27*$S$3 -> 15 | Q27: =O27*$S$4 -> 20
A28: 27 | B28: =DAY(G28) -> 3 | C28: =MONTH(G28) -> 8 | D28: =YEAR(G28) -> 2023 | E28: =TEXT(G28,"DDDD") -> Thursday | F28: =TEXT(G28,"MMMM") -> August | G28: 45141 | H28: CUST027 | I28: Female | J28: =IF(K28<30, "Young Adult","Adult") -> Adult | K28: 38 | L28: Beauty | M28: 2 | N28: 25 | O28: =(M28*N28) -> 50 | P28: =O28*$S$3 -> 0.75 | Q28: =O28*$S$4 -> 1
A29: 28 | B29: =DAY(G29) -> 23 | C29: =MONTH(G29) -> 4 | D29: =YEAR(G29) -> 2023 | E29: =TEXT(G29,"DDDD") -> Sunday | F29: =TEXT(G29,"MMMM") -> April | G29: 45039 | H29: CUST028 | I29: Female | J29: =IF(K29<30, "Young Adult","Adult") -> Adult | K29: 43 | L29: Beauty | M29: 1 | N29: 500 | O29: =(M29*N29) -> 500 | P29: =O29*$S$3 -> 7.5 | Q29: =O29*$S$4 -> 10
A30: 29 | B30: =DAY(G30) -> 18 | C30: =MONTH(G30) -> 8 | D30: =YEAR(G30) -> 2023 | E30: =TEXT(G30,"DDDD") -> Friday | F30: =TEXT(G30,"MMMM") -> August | G30: 45156 | H30: CUST029 | I30: Female | J30: =IF(K30<30, "Young Adult","Adult") -> Adult | K30: 42 | L30: Electronics | M30: 1 | N30: 30 | O30: =(M30*N30) -> 30 | P30: =O30*$S$3 -> 0.45 | Q30: =O30*$S$4 -> 0.6
A31: 30 | B31: =DAY(G31) -> 29 | C31: =MONTH(G31) -> 10 | D31: =YEAR(G31) -> 2023 | E31: =TEXT(G31,"DDDD") -> Sunday | F31: =TEXT(G31,"MMMM") -> October | G31: 45228 | H31: CUST030 | I31: Female | J31: =IF(K31<30, "Young Adult","Adult") -> Adult | K31: 39 | L31: Beauty | M31: 3 | N31: 300 | O31: =(M31*N31) -> 900 | P31: =O31*$S$3 -> 13.5 | Q31: =O31*$S$4 -> 18
A32: 31 | B32: =DAY(G32) -> 23 | C32: =MONTH(G32) -> 5 | D32: =YEAR(G32) -> 2023 | E32: =TEXT(G32,"DDDD") -> Tuesday | F32: =TEXT(G32,"MMMM") -> May | G32: 45069 | H32: CUST031 | I32: Male | J32: =IF(K32<30, "Young Adult","Adult") -> Adult | K32: 44 | L32: Electronics | M32: 4 | N32: 300 | O32: =(M32*N32) -> 1200 | P32: =O32*$S$3 -> 18 | Q32: =O32*$S$4 -> 24
A33: 32 | B33: =DAY(G33) -> 4 | C33: =MONTH(G33) -> 1 | D33: =YEAR(G33) -> 2023 | E33: =TEXT(G33,"DDDD") -> Wednesday | F33: =TEXT(G33,"MMMM") -> January | G33: 44930 | H33: CUST032 | I33: Male | J33: =IF(K33<30, "Young Adult","Adult") -> Adult | K33: 30 | L33: Beauty | M33: 3 | N33: 30 | O33: =(M33*N33) -> 90 | P33: =O33*$S$3 -> 1.35 | Q33: =O33*$S$4 -> 1.8
A34: 33 | B34: =DAY(G34) -> 23 | C34: =MONTH(G34) -> 3 | D34: =YEAR(G34) -> 2023 | E34: =TEXT(G34,"DDDD") -> Thursday | F34: =TEXT(G34,"MMMM") -> March | G34: 45008 | H34: CUST033 | I34: Female | J34: {=_xlfn.IFS(K2>=30,"Senior",K2>=30,"Adult",K2<30,"Young Adult")} -> Senior | K34: 50 | L34: Electronics | M34: 2 | N34: 50 | O34: =(M34*N34) -> 100 | P34: =O34*$S$3 -> 1.5 | Q34: =O34*$S$4 -> 2
A35: 34 | B35: =DAY(G35) -> 24 | C35: =MONTH(G35) -> 12 | D35: =YEAR(G35) -> 2023 | E35: =TEXT(G35,"DDDD") -> Sunday | F35: =TEXT(G35,"MMMM") -> December | G35: 45284 | H35: CUST034 | I35: Female | J35: {=_xlfn.IFS(K2>=30,"Senior",K2>=30,"Adult",K2<30,"Young Adult")} -> Senior | K35: 51 | L35: Clothing | M35: 3 | N35: 50 | O35: =(M35*N35) -> 150 | P35: =O35*$S$3 -> 2.25 | Q35: =O35*$S$4 -> 3
A36: 35 | B36: =DAY(G36) -> 5 | C36: =MONTH(G36) -> 8 | D36: =YEAR(G36) -> 2023 | E36: =TEXT(G36,"DDDD") -> Saturday | F36: =TEXT(G36,"MMMM") -> August | G36: 45143 | H36: CUST035 | I36: Female | J36: {=_xlfn.IFS(K2>=30,"Senior",K2>=30,"Adult",K2<30,"Young Adult")} -> Senior | K36: 58 | L36: Beauty | M36: 3 | N36: 300 | O36: =(M36*N36) -> 900 | P36: =O36*$S$3 -> 13.5 | Q36: =O36*$S$4 -> 18
A37: 36 | B37: =DAY(G37) -> 24 | C37: =MONTH(G37) -> 6 | D37: =YEAR(G37) -> 2023 | E37: =TEXT(G37,"DDDD") -> Saturday | F37: =TEXT(G37,"MMMM") -> June | G37: 45101 | H37: CUST036 | I37: Male | J37: {=_xlfn.IFS(K2>=30,"Senior",K2>=30,"Adult",K2<30,"Young Adult")} -> Senior | K37: 52 | L37: Beauty | M37: 3 | N37: 300 | O37: =(M37*N37) -> 900 | P37: =O37*$S$3 -> 13.5 | Q37: =O37*$S$4 -> 18
A38: 37 | B38: =DAY(G38) -> 23 | C38: =MONTH(G38) -> 5 | D38: =YEAR(G38) -> 2023 | E38: =TEXT(G38,"DDDD") -> Tuesday | F38: =TEXT(G38,"MMMM") -> May | G38: 45069 | H38: CUST037 | I38: Female | J38: =IF(K38<30, "Young Adult","Adult") -> Young Adult | K38: 18 | L38: Beauty | M38: 3 | N38: 25 | O38: =(M38*N38) -> 75 | P38: =O38*$S$3 -> 1.125 | Q38: =O38*$S$4 -> 1.5
A39: 38 | B39: =DAY(G39) -> 21 | C39: =MONTH(G39) -> 3 | D39: =YEAR(G39) -> 2023 | E39: =TEXT(G39,"DDDD") -> Tuesday | F39: =TEXT(G39,"MMMM") -> March | G39: 45006 | H39: CUST038 | I39: Male | J39: =IF(K39<30, "Young Adult","Adult") -> Adult | K39: 38 | L39: Beauty | M39: 4 | N39: 50 | O39: =(M39*N39) -> 200 | P39: =O39*$S$3 -> 3 | Q39: =O39*$S$4 -> 4
A40: 39 | B40: =DAY(G40) -> 21 | C40: =MONTH(G40) -> 4 | D40: =YEAR(G40) -> 2023 | E40: =TEXT(G40,"DDDD") -> Friday | F40: =TEXT(G40,"MMMM") -> April | G40: 45037 | H40: CUST039 | I40: Male | J40: =IF(K40<30, "Young Adult","Adult") -> Young Adult | K40: 23 | L40: Clothing | M40: 4 | N40: 30 | O40: =(M40*N40) -> 120 | P40: =O40*$S$3 -> 1.8 | Q40: =O40*$S$4 -> 2.4
A41: 40 | B41: =DAY(G41) -> 22 | C41: =MONTH(G41) -> 6 | D41: =YEAR(G41) -> 2023 | E41: =TEXT(G41,"DDDD") -> Thursday | F41: =TEXT(G41,"MMMM") -> June | G41: 45099 | H41: CUST040 | I41: Male | J41: =IF(K41<30, "Young Adult","Adult") -> Adult | K41: 45 | L41: Beauty | M41: 1 | N41: 50 | O41: =(M41*N41) -> 50 | P41: =O41*$S$3 -> 0.75 | Q41: =O41*$S$4 -> 1
A42: 41 | B42: =DAY(G42) -> 22 | C42: =MONTH(G42) -> 2 | D42: =YEAR(G42) -> 2023 | E42: =TEXT(G42,"DDDD") -> Wednesday | F42: =TEXT(G42,"MMMM") -> February | G42: 44979 | H42: CUST041 | I42: Male | J42: =IF(K42<30, "Young Adult","Adult") -> Adult | K42: 34 | L42: Clothing | M42: 2 | N42: 25 | O42: =(M42*N42) -> 50 | P42: =O42*$S$3 -> 0.75 | Q42: =O42*$S$4 -> 1
A43: 42 | B43: =DAY(G43) -> 17 | C43: =MONTH(G43) -> 2 | D43: =YEAR(G43) -> 2023 | E43: =TEXT(G43,"DDDD") -> Friday | F43: =TEXT(G43,"MMMM") -> February | G43: 44974 | H43: CUST042 | I43: Male | J43: =IF(K43<30, "Young Adult","Adult") -> Young Adult | K43: 22 | L43: Clothing | M43: 3 | N43: 300 | O43: =(M43*N43) -> 900 | P43: =O43*$S$3 -> 13.5 | Q43: =O43*$S$4 -> 18
A44: 43 | B44: =DAY(G44) -> 14 | C44: =MONTH(G44) -> 7 | D44: =YEAR(G44) -> 2023 | E44: =TEXT(G44,"DDDD") -> Friday | F44: =TEXT(G44,"MMMM") -> July | G44: 45121 | H44: CUST043 | I44: Female | J44: =IF(K44<30, "Young Adult","Adult") -> Adult | K44: 48 | L44: Clothing | M44: 1 | N44: 300 | O44: =(M44*N44) -> 300 | P44: =O44*$S$3 -> 4.5 | Q44: =O44*$S$4 -> 6
A45: 44 | B45: =DAY(G45) -> 19 | C45: =MONTH(G45) -> 2 | D45: =YEAR(G45) -> 2023 | E45: =TEXT(G45,"DDDD") -> Sunday | F45: =TEXT(G45,"MMMM") -> February | G45: 44976 | H45: CUST044 | I45: Female | J45: =IF(K45<30, "Young Adult","Adult") -> Young Adult | K45: 22 | L45: Clothing | M45: 1 | N45: 25 | O45: =(M45*N45) -> 25 | P45: =O45*$S$3 -> 0.375 | Q45: =O45*$S$4 -> 0.5
A46: 45 | B46: =DAY(G46) -> 3 | C46: =MONTH(G46) -> 7 | D46: =YEAR(G46) -> 2023 | E46: =TEXT(G46,"DDDD") -> Monday | F46: =TEXT(G46,"MMMM") -> July | G46: 45110 | H46: CUST045 | I46: Female | J46: {=_xlfn.IFS(K2>=30,"Senior",K2>=30,"Adult",K2<30,"Young Adult")} -> Senior | K46: 55 | L46: Electronics | M46: 1 | N46: 30 | O46: =(M46*N46) -> 30 | P46: =O46*$S$3 -> 0.45 | Q46: =O46*$S$4 -> 0.6
A47: 46 | B47: =DAY(G47) -> 26 | C47: =MONTH(G47) -> 6 | D47: =YEAR(G47) -> 2023 | E47: =TEXT(G47,"DDDD") -> Monday | F47: =TEXT(G47,"MMMM") -> June | G47: 45103 | H47: CUST046 | I47: Female | J47: =IF(K47<30, "Young Adult","Adult") -> Young Adult | K47: 20 | L47: Electronics | M47: 4 | N47: 300 | O47: =(M47*N47) -> 1200 | P47: =O47*$S$3 -> 18 | Q47: =O47*$S$4 -> 24
A48: 47 | B48: =DAY(G48) -> 6 | C48: =MONTH(G48) -> 11 | D48: =YEAR(G48) -> 2023 | E48: =TEXT(G48,"DDDD") -> Monday | F48: =TEXT(G48,"MMMM") -> November | G48: 45236 | H48: CUST047 | I48: Female | J48: =IF(K48<30, "Young Adult","Adult") -> Adult | K48: 40 | L48: Beauty | M48: 3 | N48: 500 | O48: =(M48*N48) -> 1500 | P48: =O48*$S$3 -> 22.5 | Q48: =O48*$S$4 -> 30
A49: 48 | B49: =DAY(G49) -> 16 | C49: =MONTH(G49) -> 5 | D49: =YEAR(G49) -> 2023 | E49: =TEXT(G49,"DDDD") -> Tuesday | F49: =TEXT(G49,"MMMM") -> May | G49: 45062 | H49: CUST048 | I49: Male | J49: {=_xlfn.IFS(K2>=30,"Senior",K2>=30,"Adult",K2<30,"Young Adult")} -> Senior | K49: 54 | L49: Electronics | M49: 3 | N49: 300 | O49: =(M49*N49) -> 900 | P49: =O49*$S$3 -> 13.5 | Q49: =O49*$S$4 -> 18
A50: 49 | B50: =DAY(G50) -> 23 | C50: =MONTH(G50) -> 1 | D50: =YEAR(G50) -> 2023 | E50: =TEXT(G50,"DDDD") -> Monday | F50: =TEXT(G50,"MMMM") -> January | G50: 44949 | H50: CUST049 | I50: Female | J50: {=_xlfn.IFS(K2>=30,"Senior",K2>=30,"Adult",K2<30,"Young Adult")} -> Senior | K50: 54 | L50: Electronics | M50: 2 | N50: 500 | O50: =(M50*N50) -> 1000 | P50: =O50*$S$3 -> 15 | Q50: =O50*$S$4 -> 20
A51: 50 | B51: =DAY(G51) -> 24 | C51: =MONTH(G51) -> 8 | D51: =YEAR(G51) -> 2023 | E51: =TEXT(G51,"DDDD") -> Thursday | F51: =TEXT(G51,"MMMM") -> August | G51: 45162 | H51: CUST050 | I51: Female | J51: =IF(K51<30, "Young Adult","Adult") -> Young Adult | K51: 27 | L51: Beauty | M51: 3 | N51: 25 | O51: =(M51*N51) -> 75 | P51: =O51*$S$3 -> 1.125 | Q51: =O51*$S$4 -> 1.5
A52: 51 | B52: =DAY(G52) -> 2 | C52: =MONTH(G52) -> 10 | D52: =YEAR(G52) -> 2023 | E52: =TEXT(G52,"DDDD") -> Monday | F52: =TEXT(G52,"MMMM") -> October | G52: 45201 | H52: CUST051 | I52: Male | J52: =IF(K52<30, "Young Adult","Adult") -> Young Adult | K52: 27 | L52: Beauty | M52: 3 | N52: 25 | O52: =(M52*N52) -> 75 | P52: =O52*$S$3 -> 1.125 | Q52: =O52*$S$4 -> 1.5
A53: 52 | B53: =DAY(G53) -> 5 | C53: =MONTH(G53) -> 3 | D53: =YEAR(G53) -> 2023 | E53: =TEXT(G53,"DDDD") -> Sunday | F53: =TEXT(G53,"MMMM") -> March | G53: 44990 | H53: CUST052 | I53: Female | J53: =IF(K53<30, "Young Adult","Adult") -> Adult | K53: 36 | L53: Beauty | M53: 1 | N53: 300 | O53: =(M53*N53) -> 300 | P53: =O53*$S$3 -> 4.5 | Q53: =O53*$S$4 -> 6
A54: 53 | B54: =DAY(G54) -> 13 | C54: =MONTH(G54) -> 7 | D54: =YEAR(G54) -> 2023 | E54: =TEXT(G54,"DDDD") -> Thursday | F54: =TEXT(G54,"MMMM") -> July | G54: 45120 | H54: CUST053 | I54: Male | J54: =IF(K54<30, "Young Adult","Adult") -> Adult | K54: 34 | L54: Electronics | M54: 2 | N54: 50 | O54: =(M54*N54) -> 100 | P54: =O54*$S$3 -> 1.5 | Q54: =O54*$S$4 -> 2
A55: 54 | B55: =DAY(G55) -> 10 | C55: =MONTH(G55) -> 2 | D55: =YEAR(G55) -> 2023 | E55: =TEXT(G55,"DDDD") -> Friday | F55: =TEXT(G55,"MMMM") -> February | G55: 44967 | H55: CUST054 | I55: Female | J55: =IF(K55<30, "Young Adult","Adult") -> Adult | K55: 38 | L55: Electronics | M55: 3 | N55: 500 | O55: =(M55*N55) -> 1500 | P55: =O55*$S$3 -> 22.5 | Q55: =O55*$S$4 -> 30
A56: 55 | B56: =DAY(G56) -> 10 | C56: =MONTH(G56) -> 10 | D56: =YEAR(G56) -> 2023 | E56: =TEXT(G56,"DDDD") -> Tuesday | F56: =TEXT(G56,"MMMM") -> October | G56: 45209 | H56: CUST055 | I56: Male | J56: =IF(K56<30, "Young Adult","Adult") -> Adult | K56: 31 | L56: Beauty | M56: 4 | N56: 30 | O56: =(M56*N56) -> 120 | P56: =O56*$S$3 -> 1.8 | Q56: =O56*$S$4 -> 2.4
A57: 56 | B57: =DAY(G57) -> 31 | C57: =MONTH(G57) -> 5 | D57: =YEAR(G57) -> 2023 | E57: =TEXT(G57,"DDDD") -> Wednesday | F57: =TEXT(G57,"MMMM") -> May | G57: 45077 | H57: CUST056 | I57: Female | J57: =IF(K57<30, "Young Adult","Adult") -> Young Adult | K57: 26 | L57: Clothing | M57: 3 | N57: 300 | O57: =(M57*N57) -> 900 | P57: =O57*$S$3 -> 13.5 | Q57: =O57*$S$4 -> 18
A58: 57 | B58: =DAY(G58) -> 18 | C58: =MONTH(G58) -> 11 | D58: =YEAR(G58) -> 2023 | E58: =TEXT(G58,"DDDD") -> Saturday | F58: =TEXT(G58,"MMMM") -> November | G58: 45248 | H58: CUST057 | I58: Female | J58: {=_xlfn.IFS(K2>=30,"Senior",K2>=30,"Adult",K2<30,"Young Adult")} -> Senior | K58: 63 | L58: Beauty | M58: 1 | N58: 30 | O58: =(M58*N58) -> 30 | P58: =O58*$S$3 -> 0.45 | Q58: =O58*$S$4 -> 0.6
A59: 58 | B59: =DAY(G59) -> 13 | C59: =MONTH(G59) -> 11 | D59: =YEAR(G59) -> 2023 | E59: =TEXT(G59,"DDDD") -> Monday | F59: =TEXT(G59,"MMMM") -> November | G59: 45243 | H59: CUST058 | I59: Male | J59: =IF(K59<30, "Young Adult","Adult") -> Young Adult | K59: 18 | L59: Clothing | M59: 4 | N59: 300 | O59: =(M59*N59) -> 1200 | P59: =O59*$S$3 -> 18 | Q59: =O59*$S$4 -> 24
A60: 59 | B60: =DAY(G60) -> 5 | C60: =MONTH(G60) -> 7 | D60: =YEAR(G60) -> 2023 | E60: =TEXT(G60,"DDDD") -> Wednesday | F60: =TEXT(G60,"MMMM") -> July | G60: 45112 | H60: CUST059 | I60: Male | J60: {=_xlfn.IFS(K2>=30,"Senior",K2>=30,"Adult",K2<30,"Young Adult")} -> Senior | K60: 62 | L60: Clothing | M60: 1 | N60: 50 | O60: =(M60*N60) -> 50 | P60: =O60*$S$3 -> 0.75 | Q60: =O60*$S$4 -> 1
A61: 60 | B61: =DAY(G61) -> 23 | C61: =MONTH(G61) -> 10 | D61: =YEAR(G61) -> 2023 | E61: =TEXT(G61,"DDDD") -> Monday | F61: =TEXT(G61,"MMMM") -> October | G61: 45222 | H61: CUST060 | I61: Male | J61: =IF(K61<30, "Young Adult","Adult") -> Adult | K61: 30 | L61: Beauty | M61: 3 | N61: 50 | O61: =(M61*N61) -> 150 | P61: =O61*$S$3 -> 2.25 | Q61: =O61*$S$4 -> 3
A62: 61 | B62: =DAY(G62) -> 9 | C62: =MONTH(G62) -> 4 | D62: =YEAR(G62) -> 2023 | E62: =TEXT(G62,"DDDD") -> Sunday | F62: =TEXT(G62,"MMMM") -> April | G62: 45025 | H62: CUST061 | I62: Male | J62: =IF(K62<30, "Young Adult","Adult") -> Young Adult | K62: 21 | L62: Beauty | M62: 4 | N62: 50 | O62: =(M62*N62) -> 200 | P62: =O62*$S$3 -> 3 | Q62: =O62*$S$4 -> 4
A63: 62 | B63: =DAY(G63) -> 27 | C63: =MONTH(G63) -> 12 | D63: =YEAR(G63) -> 2023 | E63: =TEXT(G63,"DDDD") -> Wednesday | F63: =TEXT(G63,"MMMM") -> December | G63: 45287 | H63: CUST062 | I63: Male | J63: =IF(K63<30, "Young Adult","Adult") -> Young Adult | K63: 18 | L63: Beauty | M63: 2 | N63: 50 | O63: =(M63*N63) -> 100 | P63: =O63*$S$3 -> 1.5 | Q63: =O63*$S$4 -> 2
A64: 63 | B64: =DAY(G64) -> 5 | C64: =MONTH(G64) -> 2 | D64: =YEAR(G64) -> 2023 | E64: =TEXT(G64,"DDDD") -> Sunday | F64: =TEXT(G64,"MMMM") -> February | G64: 44962 | H64: CUST063 | I64: Male | J64: {=_xlfn.IFS(K2>=30,"Senior",K2>=30,"Adult",K2<30,"Young Adult")} -> Senior | K64: 57 | L64: Electronics | M64: 2 | N64: 25 | O64: =(M64*N64) -> 50 | P64: =O64*$S$3 -> 0.75 | Q64: =O64*$S$4 -> 1
A65: 64 | B65: =DAY(G65) -> 24 | C65: =MONTH(G65) -> 1 | D65: =YEAR(G65) -> 2023 | E65: =TEXT(G65,"DDDD") -> Tuesday | F65: =TEXT(G65,"MMMM") -> January | G65: 44950 | H65: CUST064 | I65: Male | J65: =IF(K65<30, "Young Adult","Adult") -> Adult | K65: 49 | L65: Clothing | M65: 4 | N65: 25 | O65: =(M65*N65) -> 100 | P65: =O65*$S$3 -> 1.5 | Q65: =O65*$S$4 -> 2
A66: 65 | B66: =DAY(G66) -> 5 | C66: =MONTH(G66) -> 12 | D66: =YEAR(G66) -> 2023 | E66: =TEXT(G66,"DDDD") -> Tuesday | F66: =TEXT(G66,"MMMM") -> December | G66: 45265 | H66: CUST065 | I66: Male | J66: {=_xlfn.IFS(K2>=30,"Senior",K2>=30,"Adult",K2<30,"Young Adult")} -> Senior | K66: 51 | L66: Electronics | M66: 4 | N66: 500 | O66: =(M66*N66) -> 2000 | P66: =O66*$S$3 -> 30 | Q66: =O66*$S$4 -> 40
A67: 66 | B67: =DAY(G67) -> 27 | C67: =MONTH(G67) -> 4 | D67: =YEAR(G67) -> 2023 | E67: =TEXT(G67,"DDDD") -> Thursday | F67: =TEXT(G67,"MMMM") -> April | G67: 45043 | H67: CUST066 | I67: Female | J67: =IF(K67<30, "Young Adult","Adult") -> Adult | K67: 45 | L67: Electronics | M67: 1 | N67: 30 | O67: =(M67*N67) -> 30 | P67: =O67*$S$3 -> 0.45 | Q67: =O67*$S$4 -> 0.6
A68: 67 | B68: =DAY(G68) -> 29 | C68: =MONTH(G68) -> 5 | D68: =YEAR(G68) -> 2023 | E68: =TEXT(G68,"DDDD") -> Monday | F68: =TEXT(G68,"MMMM") -> May | G68: 45075 | H68: CUST067 | I68: Female | J68: =IF(K68<30, "Young Adult","Adult") -> Adult | K68: 48 | L68: Beauty | M68: 4 | N68: 300 | O68: =(M68*N68) -> 1200 | P68: =O68*$S$3 -> 18 | Q68: =O68*$S$4 -> 24
A69: 68 | B69: =DAY(G69) -> 10 | C69: =MONTH(G69) -> 2 | D69: =YEAR(G69) -> 2023 | E69: =TEXT(G69,"DDDD") -> Friday | F69: =TEXT(G69,"MMMM") -> February | G69: 44967 | H69: CUST068 | I69: Male | J69: =IF(K69<30, "Young Adult","Adult") -> Young Adult | K69: 25 | L69: Electronics | M69: 1 | N69: 300 | O69: =(M69*N69) -> 300 | P69: =O69*$S$3 -> 4.5 | Q69: =O69*$S$4 -> 6
A70: 69 | B70: =DAY(G70) -> 30 | C70: =MONTH(G70) -> 4 | D70: =YEAR(G70) -> 2023 | E70: =TEXT(G70,"DDDD") -> Sunday | F70: =TEXT(G70,"MMMM") -> April | G70: 45046 | H70: CUST069 | I70: Female | J70: {=_xlfn.IFS(K2>=30,"Senior",K2>=30,"Adult",K2<30,"Young Adult")} -> Senior | K70: 56 | L70: Beauty | M70: 3 | N70: 25 | O70: =(M70*N70) -> 75 | P70: =O70*$S$3 -> 1.125 | Q70: =O70*$S$4 -> 1.5
A71: 70 | B71: =DAY(G71) -> 21 | C71: =MONTH(G71) -> 2 | D71: =YEAR(G71) -> 2023 | E71: =TEXT(G71,"DDDD") -> Tuesday | F71: =TEXT(G71,"MMMM") -> February | G71: 44978 | H71: CUST070 | I71: Female | J71: =IF(K71<30, "Young Adult","Adult") -> Adult | K71: 43 | L71: Clothing | M71: 1 | N71: 300 | O71: =(M71*N71) -> 300 | P71: =O71*$S$3 -> 4.5 | Q71: =O71*$S$4 -> 6
A72: 71 | B72: =DAY(G72) -> 14 | C72: =MONTH(G72) -> 7 | D72: =YEAR(G72) -> 2023 | E72: =TEXT(G72,"DDDD") -> Friday | F72: =TEXT(G72,"MMMM") -> July | G72: 45121 | H72: CUST071 | I72: Female | J72: {=_xlfn.IFS(K2>=30,"Senior",K2>=30,"Adult",K2<30,"Young Adult")} -> Senior | K72: 51 | L72: Beauty | M72: 4 | N72: 25 | O72: =(M72*N72) -> 100 | P72: =O72*$S$3 -> 1.5 | Q72: =O72*$S$4 -> 2
A73: 72 | B73: =DAY(G73) -> 23 | C73: =MONTH(G73) -> 5 | D73: =YEAR(G73) -> 2023 | E73: =TEXT(G73,"DDDD") -> Tuesday | F73: =TEXT(G73,"MMMM") -> May | G73: 45069 | H73: CUST072 | I73: Female | J73: =IF(K73<30, "Young Adult","Adult") -> Young Adult | K73: 20 | L73: Electronics | M73: 4 | N73: 500 | O73: =(M73*N73) -> 2000 | P73: =O73*$S$3 -> 30 | Q73: =O73*$S$4 -> 40
A74: 73 | B74: =DAY(G74) -> 21 | C74: =MONTH(G74) -> 8 | D74: =YEAR(G74) -> 2023 | E74: =TEXT(G74,"DDDD") -> Monday | F74: =TEXT(G74,"MMMM") -> August | G74: 45159 | H74: CUST073 | I74: Male | J74: =IF(K74<30, "Young Adult","Adult") -> Young Adult | K74: 29 | L74: Electronics | M74: 3 | N74: 30 | O74: =(M74*N74) -> 90 | P74: =O74*$S$3 -> 1.35 | Q74: =O74*$S$4 -> 1.8
A75: 74 | B75: =DAY(G75) -> 22 | C75: =MONTH(G75) -> 11 | D75: =YEAR(G75) -> 2023 | E75: =TEXT(G75,"DDDD") -> Wednesday | F75: =TEXT(G75,"MMMM") -> November | G75: 45252 | H75: CUST074 | I75: Female | J75: =IF(K75<30, "Young Adult","Adult") -> Young Adult | K75: 18 | L75: Beauty | M75: 4 | N75: 500 | O75: =(M75*N75) -> 2000 | P75: =O75*$S$3 -> 30 | Q75: =O75*$S$4 -> 40
A76: 75 | B76: =DAY(G76) -> 6 | C76: =MONTH(G76) -> 7 | D76: =YEAR(G76) -> 2023 | E76: =TEXT(G76,"DDDD") -> Thursday | F76: =TEXT(G76,"MMMM") -> July | G76: 45113 | H76: CUST075 | I76: Male | J76: {=_xlfn.IFS(K2>=30,"Senior",K2>=30,"Adult",K2<30,"Young Adult")} -> Senior | K76: 61 | L76: Beauty | M76: 4 | N76: 50 | O76: =(M76*N76) -> 200 | P76: =O76*$S$3 -> 3 | Q76: =O76*$S$4 -> 4
A77: 76 | B77: =DAY(G77) -> 25 | C77: =MONTH(G77) -> 3 | D77: =YEAR(G77) -> 2023 | E77: =TEXT(G77,"DDDD") -> Saturday | F77: =TEXT(G77,"MMMM") -> March | G77: 45010 | H77: CUST076 | I77: Female | J77: =IF(K77<30, "Young Adult","Adult") -> Young Adult | K77: 22 | L77: Electronics | M77: 2 | N77: 50 | O77: =(M77*N77) -> 100 | P77: =O77*$S$3 -> 1.5 | Q77: =O77*$S$4 -> 2
A78: 77 | B78: =DAY(G78) -> 9 | C78: =MONTH(G78) -> 7 | D78: =YEAR(G78) -> 2023 | E78: =TEXT(G78,"DDDD") -> Sunday | F78: =TEXT(G78,"MMMM") -> July | G78: 45116 | H78: CUST077 | I78: Female | J78: =IF(K78<30, "Young Adult","Adult") -> Adult | K78: 47 | L78: Clothing | M78: 2 | N78: 50 | O78: =(M78*N78) -> 100 | P78: =O78*$S$3 -> 1.5 | Q78: =O78*$S$4 -> 2
A79: 78 | B79: =DAY(G79) -> 1 | C79: =MONTH(G79) -> 7 | D79: =YEAR(G79) -> 2023 | E79: =TEXT(G79,"DDDD") -> Saturday | F79: =TEXT(G79,"MMMM") -> July | G79: 45108 | H79: CUST078 | I79: Female | J79: =IF(K79<30, "Young Adult","Adult") -> Adult | K79: 47 | L79: Clothing | M79: 3 | N79: 500 | O79: =(M79*N79) -> 1500 | P79: =O79*$S$3 -> 22.5 | Q79: =O79*$S$4 -> 30
A80: 79 | B80: =DAY(G80) -> 18 | C80: =MONTH(G80) -> 4 | D80: =YEAR(G80) -> 2023 | E80: =TEXT(G80,"DDDD") -> Tuesday | F80: =TEXT(G80,"MMMM") -> April | G80: 45034 | H80: CUST079 | I80: Male | J80: =IF(K80<30, "Young Adult","Adult") -> Adult | K80: 34 | L80: Beauty | M80: 1 | N80: 300 | O80: =(M80*N80) -> 300 | P80: =O80*$S$3 -> 4.5 | Q80: =O80*$S$4 -> 6
A81: 80 | B81: =DAY(G81) -> 10 | C81: =MONTH(G81) -> 12 | D81: =YEAR(G81) -> 2023 | E81: =TEXT(G81,"DDDD") -> Sunday | F81: =TEXT(G81,"MMMM") -> December | G81: 45270 | H81: CUST080 | I81: Female | J81: {=_xlfn.IFS(K2>=30,"Senior",K2>=30,"Adult",K2<30,"Young Adult")} -> Senior | K81: 64 | L81: Clothing | M81: 2 | N81: 30 | O81: =(M81*N81) -> 60 | P81: =O81*$S$3 -> 0.9 | Q81: =O81*$S$4 -> 1.2
A82: 81 | B82: =DAY(G82) -> 17 | C82: =MONTH(G82) -> 5 | D82: =YEAR(G82) -> 2023 | E82: =TEXT(G82,"DDDD") -> Wednesday | F82: =TEXT(G82,"MMMM") -> May | G82: 45063 | H82: CUST081 | I82: Male | J82: =IF(K82<30, "Young Adult","Adult") -> Adult | K82: 40 | L82: Electronics | M82: 1 | N82: 50 | O82: =(M82*N82) -> 50 | P82: =O82*$S$3 -> 0.75 | Q82: =O82*$S$4 -> 1
A83: 82 | B83: =DAY(G83) -> 26 | C83: =MONTH(G83) -> 12 | D83: =YEAR(G83) -> 2023 | E83: =TEXT(G83,"DDDD") -> Tuesday | F83: =TEXT(G83,"MMMM") -> December | G83: 45286 | H83: CUST082 | I83: Female | J83: =IF(K83<30, "Young Adult","Adult") -> Adult | K83: 32 | L83: Beauty | M83: 4 | N83: 50 | O83: =(M83*N83) -> 200 | P83: =O83*$S$3 -> 3 | Q83: =O83*$S$4 -> 4
A84: 83 | B84: =DAY(G84) -> 16 | C84: =MONTH(G84) -> 12 | D84: =YEAR(G84) -> 2023 | E84: =TEXT(G84,"DDDD") -> Saturday | F84: =TEXT(G84,"MMMM") -> December | G84: 45276 | H84: CUST083 | I84: Male | J84: {=_xlfn.IFS(K2>=30,"Senior",K2>=30,"Adult",K2<30,"Young Adult")} -> Senior | K84: 54 | L84: Electronics | M84: 2 | N84: 50 | O84: =(M84*N84) -> 100 | P84: =O84*$S$3 -> 1.5 | Q84: =O84*$S$4 -> 2
A85: 84 | B85: =DAY(G85) -> 28 | C85: =MONTH(G85) -> 11 | D85: =YEAR(G85) -> 2023 | E85: =TEXT(G85,"DDDD") -> Tuesday | F85: =TEXT(G85,"MMMM") -> November | G85: 45258 | H85: CUST084 | I85: Female | J85: =IF(K85<30, "Young Adult","Adult") -> Adult | K85: 38 | L85: Electronics | M85: 3 | N85: 30 | O85: =(M85*N85) -> 90 | P85: =O85*$S$3 -> 1.35 | Q85: =O85*$S$4 -> 1.8
A86: 85 | B86: =DAY(G86) -> 6 | C86: =MONTH(G86) -> 2 | D86: =YEAR(G86) -> 2023 | E86: =TEXT(G86,"DDDD") -> Monday | F86: =TEXT(G86,"MMMM") -> February | G86: 44963 | H86: CUST085 | I86: Male | J86: =IF(K86<30, "Young Adult","Adult") -> Adult | K86: 31 | L86: Clothing | M86: 3 | N86: 50 | O86: =(M86*N86) -> 150 | P86: =O86*$S$3 -> 2.25 | Q86: =O86*$S$4 -> 3
A87: 86 | B87: =DAY(G87) -> 8 | C87: =MONTH(G87) -> 11 | D87: =YEAR(G87) -> 2023 | E87: =TEXT(G87,"DDDD") -> Wednesday | F87: =TEXT(G87,"MMMM") -> November | G87: 45238 | H87: CUST086 | I87: Male | J87: =IF(K87<30, "Young Adult","Adult") -> Young Adult | K87: 19 | L87: Beauty | M87: 3 | N87: 30 | O87: =(M87*N87) -> 90 | P87: =O87*$S$3 -> 1.35 | Q87: =O87*$S$4 -> 1.8
A88: 87 | B88: =DAY(G88) -> 22 | C88: =MONTH(G88) -> 11 | D88: =YEAR(G88) -> 2023 | E88: =TEXT(G88,"DDDD") -> Wednesday | F88: =TEXT(G88,"MMMM") -> November | G88: 45252 | H88: CUST087 | I88: Female | J88: =IF(K88<30, "Young Adult","Adult") -> Young Adult | K88: 28 | L88: Beauty | M88: 2 | N88: 50 | O88: =(M88*N88) -> 100 | P88: =O88*$S$3 -> 1.5 | Q88: =O88*$S$4 -> 2
A89: 88 | B89: =DAY(G89) -> 29 | C89: =MONTH(G89) -> 3 | D89: =YEAR(G89) -> 2023 | E89: =TEXT(G89,"DDDD") -> Wednesday | F89: =TEXT(G89,"MMMM") -> March | G89: 45014 | H89: CUST088 | I89: Male | J89: {=_xlfn.IFS(K2>=30,"Senior",K2>=30,"Adult",K2<30,"Young Adult")} -> Senior | K89: 56 | L89: Clothing | M89: 1 | N89: 500 | O89: =(M89*N89) -> 500 | P89: =O89*$S$3 -> 7.5 | Q89: =O89*$S$4 -> 10
A90: 89 | B90: =DAY(G90) -> 1 | C90: =MONTH(G90) -> 10 | D90: =YEAR(G90) -> 2023 | E90: =TEXT(G90,"DDDD") -> Sunday | F90: =TEXT(G90,"MMMM") -> October | G90: 45200 | H90: CUST089 | I90: Female | J90: {=_xlfn.IFS(K2>=30,"Senior",K2>=30,"Adult",K2<30,"Young Adult")} -> Senior | K90: 55 | L90: Electronics | M90: 4 | N90: 500 | O90: =(M90*N90) -> 2000 | P90: =O90*$S$3 -> 30 | Q90: =O90*$S$4 -> 40
A91: 90 | B91: =DAY(G91) -> 6 | C91: =MONTH(G91) -> 5 | D91: =YEAR(G91) -> 2023 | E91: =TEXT(G91,"DDDD") -> Saturday | F91: =TEXT(G91,"MMMM") -> May | G91: 45052 | H91: CUST090 | I91: Female | J91: {=_xlfn.IFS(K2>=30,"Senior",K2>=30,"Adult",K2<30,"Young Adult")} -> Senior | K91: 51 | L91: Electronics | M91: 1 | N91: 30 | O91: =(M91*N91) -> 30 | P91: =O91*$S$3 -> 0.45 | Q91: =O91*$S$4 -> 0.6
A92: 91 | B92: =DAY(G92) -> 25 | C92: =MONTH(G92) -> 3 | D92: =YEAR(G92) -> 2023 | E92: =TEXT(G92,"DDDD") -> Saturday | F92: =TEXT(G92,"MMMM") -> March | G92: 45010 | H92: CUST091 | I92: Female | J92: {=_xlfn.IFS(K2>=30,"Senior",K2>=30,"Adult",K2<30,"Young Adult")} -> Senior | K92: 55 | L92: Electronics | M92: 1 | N92: 500 | O92: =(M92*N92) -> 500 | P92: =O92*$S$3 -> 7.5 | Q92: =O92*$S$4 -> 10
A93: 92 | B93: =DAY(G93) -> 25 | C93: =MONTH(G93) -> 8 | D93: =YEAR(G93) -> 2023 | E93: =TEXT(G93,"DDDD") -> Friday | F93: =TEXT(G93,"MMMM") -> August | G93: 45163 | H93: CUST092 | I93: Female | J93: {=_xlfn.IFS(K2>=30,"Senior",K2>=30,"Adult",K2<30,"Young Adult")} -> Senior | K93: 51 | L93: Electronics | M93: 4 | N93: 30 | O93: =(M93*N93) -> 120 | P93: =O93*$S$3 -> 1.8 | Q93: =O93*$S$4 -> 2.4
A94: 93 | B94: =DAY(G94) -> 14 | C94: =MONTH(G94) -> 7 | D94: =YEAR(G94) -> 2023 | E94: =TEXT(G94,"DDDD") -> Friday | F94: =TEXT(G94,"MMMM") -> July | G94: 45121 | H94: CUST093 | I94: Female | J94: =IF(K94<30, "Young Adult","Adult") -> Adult | K94: 35 | L94: Beauty | M94: 4 | N94: 500 | O94: =(M94*N94) -> 2000 | P94: =O94*$S$3 -> 30 | Q94: =O94*$S$4 -> 40
A95: 94 | B95: =DAY(G95) -> 19 | C95: =MONTH(G95) -> 5 | D95: =YEAR(G95) -> 2023 | E95: =TEXT(G95,"DDDD") -> Friday | F95: =TEXT(G95,"MMMM") -> May | G95: 45065 | H95: CUST094 | I95: Female | J95: =IF(K95<30, "Young Adult","Adult") -> Adult | K95: 47 | L95: Beauty | M95: 2 | N95: 500 | O95: =(M95*N95) -> 1000 | P95: =O95*$S$3 -> 15 | Q95: =O95*$S$4 -> 20
A96: 95 | B96: =DAY(G96) -> 24 | C96: =MONTH(G96) -> 11 | D96: =YEAR(G96) -> 2023 | E96: =TEXT(G96,"DDDD") -> Friday | F96: =TEXT(G96,"MMMM") -> November | G96: 45254 | H96: CUST095 | I96: Female | J96: =IF(K96<30, "Young Adult","Adult") -> Adult | K96: 32 | L96: Clothing | M96: 2 | N96: 30 | O96: =(M96*N96) -> 60 | P96: =O96*$S$3 -> 0.9 | Q96: =O96*$S$4 -> 1.2
A97: 96 | B97: =DAY(G97) -> 19 | C97: =MONTH(G97) -> 12 | D97: =YEAR(G97) -> 2023 | E97: =TEXT(G97,"DDDD") -> Tuesday | F97: =TEXT(G97,"MMMM") -> December | G97: 45279 | H97: CUST096 | I97: Female | J97: =IF(K97<30, "Young Adult","Adult") -> Adult | K97: 44 | L97: Clothing | M97: 2 | N97: 300 | O97: =(M97*N97) -> 600 | P97: =O97*$S$3 -> 9 | Q97: =O97*$S$4 -> 12
A98: 97 | B98: =DAY(G98) -> 13 | C98: =MONTH(G98) -> 10 | D98: =YEAR(G98) -> 2023 | E98: =TEXT(G98,"DDDD") -> Friday | F98: =TEXT(G98,"MMMM") -> October | G98: 45212 | H98: CUST097 | I98: Female | J98: {=_xlfn.IFS(K2>=30,"Senior",K2>=30,"Adult",K2<30,"Young Adult")} -> Senior | K98: 51 | L98: Beauty | M98: 2 | N98: 500 | O98: =(M98*N98) -> 1000 | P98: =O98*$S$3 -> 15 | Q98: =O98*$S$4 -> 20
A99: 98 | B99: =DAY(G99) -> 23 | C99: =MONTH(G99) -> 4 | D99: =YEAR(G99) -> 2023 | E99: =TEXT(G99,"DDDD") -> Sunday | F99: =TEXT(G99,"MMMM") -> April | G99: 45039 | H99: CUST098 | I99: Female | J99: {=_xlfn.IFS(K2>=30,"Senior",K2>=30,"Adult",K2<30,"Young Adult")} -> Senior | K99: 55 | L99: Beauty | M99: 2 | N99: 50 | O99: =(M99*N99) -> 100 | P99: =O99*$S$3 -> 1.5 | Q99: =O99*$S$4 -> 2
A100: 99 | B100: =DAY(G100) -> 17 | C100: =MONTH(G100) -> 12 | D100: =YEAR(G100) -> 2023 | E100: =TEXT(G100,"DDDD") -> Sunday | F100: =TEXT(G100,"MMMM") -> December | G100: 45277 | H100: CUST099 | I100: Female | J100: {=_xlfn.IFS(K2>=30,"Senior",K2>=30,"Adult",K2<30,"Young Adult")} -> Senior | K100: 50 | L100: Electronics | M100: 4 | N100: 300 | O100: =(M100*N100) -> 1200 | P100: =O100*$S$3 -> 18 | Q100: =O100*$S$4 -> 24
...
